Id,Email,FirstName,LastName,Phone
003T700000JxJdBIAV,mdd_1flyyio0_1a@perftest.example.com,MDD_1flyyIo0_FN_001_A,MDD_1flyyIo0_LN_001_A,555-0002
003T700000JxJdCIAV,mdd_1flyyio0_1b@perftest.example.com,MDD_1flyyIo0_FN_001_B,MDD_1flyyIo0_LN_001_B,555-0003
003T700000JxJdDIAV,mdd_1flyyio0_2a@perftest.example.com,MDD_1flyyIo0_FN_002_A,MDD_1flyyIo0_LN_002_A,555-0004
003T700000JxJdEIAV,mdd_1flyyio0_2b@perftest.example.com,MDD_1flyyIo0_FN_002_B,MDD_1flyyIo0_LN_002_B,555-0005
003T700000JxJdFIAV,mdd_1flyyio0_3a@perftest.example.com,MDD_1flyyIo0_FN_003_A,MDD_1flyyIo0_LN_003_A,555-0006
003T700000JxJdGIAV,mdd_1flyyio0_3b@perftest.example.com,MDD_1flyyIo0_FN_003_B,MDD_1flyyIo0_LN_003_B,555-0007
003T700000JxJdHIAV,mdd_1flyyio0_4a@perftest.example.com,MDD_1flyyIo0_FN_004_A,MDD_1flyyIo0_LN_004_A,555-0008
003T700000JxJdIIAV,mdd_1flyyio0_4b@perftest.example.com,MDD_1flyyIo0_FN_004_B,MDD_1flyyIo0_LN_004_B,555-0009
003T700000JxJdJIAV,mdd_1flyyio0_5a@perftest.example.com,MDD_1flyyIo0_FN_005_A,MDD_1flyyIo0_LN_005_A,555-0010
003T700000JxJdKIAV,mdd_1flyyio0_5b@perftest.example.com,MDD_1flyyIo0_FN_005_B,MDD_1flyyIo0_LN_005_B,555-0011
003T700000JxJdLIAV,mdd_1flyyio0_6a@perftest.example.com,MDD_1flyyIo0_FN_006_A,MDD_1flyyIo0_LN_006_A,555-0012
003T700000JxJdMIAV,mdd_1flyyio0_6b@perftest.example.com,MDD_1flyyIo0_FN_006_B,MDD_1flyyIo0_LN_006_B,555-0013
003T700000JxJdNIAV,mdd_1flyyio0_7a@perftest.example.com,MDD_1flyyIo0_FN_007_A,MDD_1flyyIo0_LN_007_A,555-0014
003T700000JxJdOIAV,mdd_1flyyio0_7b@perftest.example.com,MDD_1flyyIo0_FN_007_B,MDD_1flyyIo0_LN_007_B,555-0015
003T700000JxJdPIAV,mdd_1flyyio0_8a@perftest.example.com,MDD_1flyyIo0_FN_008_A,MDD_1flyyIo0_LN_008_A,555-0016
003T700000JxJdQIAV,mdd_1flyyio0_8b@perftest.example.com,MDD_1flyyIo0_FN_008_B,MDD_1flyyIo0_LN_008_B,555-0017
003T700000JxJdRIAV,mdd_1flyyio0_9a@perftest.example.com,MDD_1flyyIo0_FN_009_A,MDD_1flyyIo0_LN_009_A,555-0018
003T700000JxJdSIAV,mdd_1flyyio0_9b@perftest.example.com,MDD_1flyyIo0_FN_009_B,MDD_1flyyIo0_LN_009_B,555-0019
003T700000JxJdTIAV,mdd_1flyyio0_10a@perftest.example.com,MDD_1flyyIo0_FN_010_A,MDD_1flyyIo0_LN_010_A,555-0020
003T700000JxJdUIAV,mdd_1flyyio0_10b@perftest.example.com,MDD_1flyyIo0_FN_010_B,MDD_1flyyIo0_LN_010_B,555-0021
003T700000JxKW1IAN,mdd_b3tbfdyp_1a@perftest.example.com,MDD_B3tbFDyp_FN_001_A,MDD_B3tbFDyp_LN_001_A,555-0002
003T700000JxKW2IAN,mdd_b3tbfdyp_1b@perftest.example.com,MDD_B3tbFDyp_FN_001_B,MDD_B3tbFDyp_LN_001_B,555-0003
003T700000JxKW3IAN,mdd_b3tbfdyp_2a@perftest.example.com,MDD_B3tbFDyp_FN_002_A,MDD_B3tbFDyp_LN_002_A,555-0004
003T700000JxKW4IAN,mdd_b3tbfdyp_2b@perftest.example.com,MDD_B3tbFDyp_FN_002_B,MDD_B3tbFDyp_LN_002_B,555-0005
003T700000JxKW5IAN,mdd_b3tbfdyp_3a@perftest.example.com,MDD_B3tbFDyp_FN_003_A,MDD_B3tbFDyp_LN_003_A,555-0006
003T700000JxKW6IAN,mdd_b3tbfdyp_3b@perftest.example.com,MDD_B3tbFDyp_FN_003_B,MDD_B3tbFDyp_LN_003_B,555-0007
003T700000JxKW7IAN,mdd_b3tbfdyp_4a@perftest.example.com,MDD_B3tbFDyp_FN_004_A,MDD_B3tbFDyp_LN_004_A,555-0008
003T700000JxKW8IAN,mdd_b3tbfdyp_4b@perftest.example.com,MDD_B3tbFDyp_FN_004_B,MDD_B3tbFDyp_LN_004_B,555-0009
003T700000JxKW9IAN,mdd_b3tbfdyp_5a@perftest.example.com,MDD_B3tbFDyp_FN_005_A,MDD_B3tbFDyp_LN_005_A,555-0010
003T700000JxKWAIA3,mdd_b3tbfdyp_5b@perftest.example.com,MDD_B3tbFDyp_FN_005_B,MDD_B3tbFDyp_LN_005_B,555-0011
003T700000JxKWBIA3,mdd_b3tbfdyp_6a@perftest.example.com,MDD_B3tbFDyp_FN_006_A,MDD_B3tbFDyp_LN_006_A,555-0012
003T700000JxKWCIA3,mdd_b3tbfdyp_6b@perftest.example.com,MDD_B3tbFDyp_FN_006_B,MDD_B3tbFDyp_LN_006_B,555-0013
003T700000JxKWDIA3,mdd_b3tbfdyp_7a@perftest.example.com,MDD_B3tbFDyp_FN_007_A,MDD_B3tbFDyp_LN_007_A,555-0014
003T700000JxKWEIA3,mdd_b3tbfdyp_7b@perftest.example.com,MDD_B3tbFDyp_FN_007_B,MDD_B3tbFDyp_LN_007_B,555-0015
003T700000JxKWFIA3,mdd_b3tbfdyp_8a@perftest.example.com,MDD_B3tbFDyp_FN_008_A,MDD_B3tbFDyp_LN_008_A,555-0016
003T700000JxKWGIA3,mdd_b3tbfdyp_8b@perftest.example.com,MDD_B3tbFDyp_FN_008_B,MDD_B3tbFDyp_LN_008_B,555-0017
003T700000JxKWHIA3,mdd_b3tbfdyp_9a@perftest.example.com,MDD_B3tbFDyp_FN_009_A,MDD_B3tbFDyp_LN_009_A,555-0018
003T700000JxKWIIA3,mdd_b3tbfdyp_9b@perftest.example.com,MDD_B3tbFDyp_FN_009_B,MDD_B3tbFDyp_LN_009_B,555-0019
003T700000JxKWJIA3,mdd_b3tbfdyp_10a@perftest.example.com,MDD_B3tbFDyp_FN_010_A,MDD_B3tbFDyp_LN_010_A,555-0020
003T700000JxKWKIA3,mdd_b3tbfdyp_10b@perftest.example.com,MDD_B3tbFDyp_FN_010_B,MDD_B3tbFDyp_LN_010_B,555-0021
003T700000JxMO9IAN,mdd_xmytfgub_1a@perftest.example.com,MDD_XMytfguB_FN_001_A,MDD_XMytfguB_LN_001_A,555-0002
003T700000JxMOAIA3,mdd_xmytfgub_1b@perftest.example.com,MDD_XMytfguB_FN_001_B,MDD_XMytfguB_LN_001_B,555-0003
003T700000JxMOBIA3,mdd_xmytfgub_2a@perftest.example.com,MDD_XMytfguB_FN_002_A,MDD_XMytfguB_LN_002_A,555-0004
003T700000JxMOCIA3,mdd_xmytfgub_2b@perftest.example.com,MDD_XMytfguB_FN_002_B,MDD_XMytfguB_LN_002_B,555-0005
003T700000JxMODIA3,mdd_xmytfgub_3a@perftest.example.com,MDD_XMytfguB_FN_003_A,MDD_XMytfguB_LN_003_A,555-0006
003T700000JxMOEIA3,mdd_xmytfgub_3b@perftest.example.com,MDD_XMytfguB_FN_003_B,MDD_XMytfguB_LN_003_B,555-0007
003T700000JxMOFIA3,mdd_xmytfgub_4a@perftest.example.com,MDD_XMytfguB_FN_004_A,MDD_XMytfguB_LN_004_A,555-0008
003T700000JxMOGIA3,mdd_xmytfgub_4b@perftest.example.com,MDD_XMytfguB_FN_004_B,MDD_XMytfguB_LN_004_B,555-0009
003T700000JxMOHIA3,mdd_xmytfgub_5a@perftest.example.com,MDD_XMytfguB_FN_005_A,MDD_XMytfguB_LN_005_A,555-0010
003T700000JxMOIIA3,mdd_xmytfgub_5b@perftest.example.com,MDD_XMytfguB_FN_005_B,MDD_XMytfguB_LN_005_B,555-0011
003T700000JxMOJIA3,mdd_xmytfgub_6a@perftest.example.com,MDD_XMytfguB_FN_006_A,MDD_XMytfguB_LN_006_A,555-0012
003T700000JxMOKIA3,mdd_xmytfgub_6b@perftest.example.com,MDD_XMytfguB_FN_006_B,MDD_XMytfguB_LN_006_B,555-0013
003T700000JxMOLIA3,mdd_xmytfgub_7a@perftest.example.com,MDD_XMytfguB_FN_007_A,MDD_XMytfguB_LN_007_A,555-0014
003T700000JxMOMIA3,mdd_xmytfgub_7b@perftest.example.com,MDD_XMytfguB_FN_007_B,MDD_XMytfguB_LN_007_B,555-0015
003T700000JxMONIA3,mdd_xmytfgub_8a@perftest.example.com,MDD_XMytfguB_FN_008_A,MDD_XMytfguB_LN_008_A,555-0016
003T700000JxMOOIA3,mdd_xmytfgub_8b@perftest.example.com,MDD_XMytfguB_FN_008_B,MDD_XMytfguB_LN_008_B,555-0017
003T700000JxMOPIA3,mdd_xmytfgub_9a@perftest.example.com,MDD_XMytfguB_FN_009_A,MDD_XMytfguB_LN_009_A,555-0018
003T700000JxMOQIA3,mdd_xmytfgub_9b@perftest.example.com,MDD_XMytfguB_FN_009_B,MDD_XMytfguB_LN_009_B,555-0019
003T700000JxMORIA3,mdd_xmytfgub_10a@perftest.example.com,MDD_XMytfguB_FN_010_A,MDD_XMytfguB_LN_010_A,555-0020
003T700000JxMOSIA3,mdd_xmytfgub_10b@perftest.example.com,MDD_XMytfguB_FN_010_B,MDD_XMytfguB_LN_010_B,555-0021
003T700000JxOLRIA3,mdd_v0yxha8j_1a@perftest.example.com,MDD_V0YxhA8J_FN_001_A,MDD_V0YxhA8J_LN_001_A,555-0002
003T700000JxOLSIA3,mdd_v0yxha8j_1b@perftest.example.com,MDD_V0YxhA8J_FN_001_B,MDD_V0YxhA8J_LN_001_B,555-0003
003T700000JxOLTIA3,mdd_v0yxha8j_2a@perftest.example.com,MDD_V0YxhA8J_FN_002_A,MDD_V0YxhA8J_LN_002_A,555-0004
003T700000JxOLUIA3,mdd_v0yxha8j_2b@perftest.example.com,MDD_V0YxhA8J_FN_002_B,MDD_V0YxhA8J_LN_002_B,555-0005
003T700000JxOLVIA3,mdd_v0yxha8j_3a@perftest.example.com,MDD_V0YxhA8J_FN_003_A,MDD_V0YxhA8J_LN_003_A,555-0006
003T700000JxOLWIA3,mdd_v0yxha8j_3b@perftest.example.com,MDD_V0YxhA8J_FN_003_B,MDD_V0YxhA8J_LN_003_B,555-0007
003T700000JxOLXIA3,mdd_v0yxha8j_4a@perftest.example.com,MDD_V0YxhA8J_FN_004_A,MDD_V0YxhA8J_LN_004_A,555-0008
003T700000JxOLYIA3,mdd_v0yxha8j_4b@perftest.example.com,MDD_V0YxhA8J_FN_004_B,MDD_V0YxhA8J_LN_004_B,555-0009
003T700000JxOLZIA3,mdd_v0yxha8j_5a@perftest.example.com,MDD_V0YxhA8J_FN_005_A,MDD_V0YxhA8J_LN_005_A,555-0010
003T700000JxOLaIAN,mdd_v0yxha8j_5b@perftest.example.com,MDD_V0YxhA8J_FN_005_B,MDD_V0YxhA8J_LN_005_B,555-0011
003T700000JxOLbIAN,mdd_v0yxha8j_6a@perftest.example.com,MDD_V0YxhA8J_FN_006_A,MDD_V0YxhA8J_LN_006_A,555-0012
003T700000JxOLcIAN,mdd_v0yxha8j_6b@perftest.example.com,MDD_V0YxhA8J_FN_006_B,MDD_V0YxhA8J_LN_006_B,555-0013
003T700000JxOLdIAN,mdd_v0yxha8j_7a@perftest.example.com,MDD_V0YxhA8J_FN_007_A,MDD_V0YxhA8J_LN_007_A,555-0014
003T700000JxOLeIAN,mdd_v0yxha8j_7b@perftest.example.com,MDD_V0YxhA8J_FN_007_B,MDD_V0YxhA8J_LN_007_B,555-0015
003T700000JxOLfIAN,mdd_v0yxha8j_8a@perftest.example.com,MDD_V0YxhA8J_FN_008_A,MDD_V0YxhA8J_LN_008_A,555-0016
003T700000JxOLgIAN,mdd_v0yxha8j_8b@perftest.example.com,MDD_V0YxhA8J_FN_008_B,MDD_V0YxhA8J_LN_008_B,555-0017
003T700000JxOLhIAN,mdd_v0yxha8j_9a@perftest.example.com,MDD_V0YxhA8J_FN_009_A,MDD_V0YxhA8J_LN_009_A,555-0018
003T700000JxOLiIAN,mdd_v0yxha8j_9b@perftest.example.com,MDD_V0YxhA8J_FN_009_B,MDD_V0YxhA8J_LN_009_B,555-0019
003T700000JxOLjIAN,mdd_v0yxha8j_10a@perftest.example.com,MDD_V0YxhA8J_FN_010_A,MDD_V0YxhA8J_LN_010_A,555-0020
003T700000JxOLkIAN,mdd_v0yxha8j_10b@perftest.example.com,MDD_V0YxhA8J_FN_010_B,MDD_V0YxhA8J_LN_010_B,555-0021
003T700000JxPivIAF,mdd_dfnlbj0h_1a@perftest.example.com,MDD_dfnLBJ0H_FN_001_A,MDD_dfnLBJ0H_LN_001_A,555-0002
003T700000JxPiwIAF,mdd_dfnlbj0h_1b@perftest.example.com,MDD_dfnLBJ0H_FN_001_B,MDD_dfnLBJ0H_LN_001_B,555-0003
003T700000JxPixIAF,mdd_dfnlbj0h_2a@perftest.example.com,MDD_dfnLBJ0H_FN_002_A,MDD_dfnLBJ0H_LN_002_A,555-0004
003T700000JxPiyIAF,mdd_dfnlbj0h_2b@perftest.example.com,MDD_dfnLBJ0H_FN_002_B,MDD_dfnLBJ0H_LN_002_B,555-0005
003T700000JxPizIAF,mdd_dfnlbj0h_3a@perftest.example.com,MDD_dfnLBJ0H_FN_003_A,MDD_dfnLBJ0H_LN_003_A,555-0006
003T700000JxPj0IAF,mdd_dfnlbj0h_3b@perftest.example.com,MDD_dfnLBJ0H_FN_003_B,MDD_dfnLBJ0H_LN_003_B,555-0007
003T700000JxPj1IAF,mdd_dfnlbj0h_4a@perftest.example.com,MDD_dfnLBJ0H_FN_004_A,MDD_dfnLBJ0H_LN_004_A,555-0008
003T700000JxPj2IAF,mdd_dfnlbj0h_4b@perftest.example.com,MDD_dfnLBJ0H_FN_004_B,MDD_dfnLBJ0H_LN_004_B,555-0009
003T700000JxPj3IAF,mdd_dfnlbj0h_5a@perftest.example.com,MDD_dfnLBJ0H_FN_005_A,MDD_dfnLBJ0H_LN_005_A,555-0010
003T700000JxPj4IAF,mdd_dfnlbj0h_5b@perftest.example.com,MDD_dfnLBJ0H_FN_005_B,MDD_dfnLBJ0H_LN_005_B,555-0011
003T700000JxPj5IAF,mdd_dfnlbj0h_6a@perftest.example.com,MDD_dfnLBJ0H_FN_006_A,MDD_dfnLBJ0H_LN_006_A,555-0012
003T700000JxPj6IAF,mdd_dfnlbj0h_6b@perftest.example.com,MDD_dfnLBJ0H_FN_006_B,MDD_dfnLBJ0H_LN_006_B,555-0013
003T700000JxPj7IAF,mdd_dfnlbj0h_7a@perftest.example.com,MDD_dfnLBJ0H_FN_007_A,MDD_dfnLBJ0H_LN_007_A,555-0014
003T700000JxPj8IAF,mdd_dfnlbj0h_7b@perftest.example.com,MDD_dfnLBJ0H_FN_007_B,MDD_dfnLBJ0H_LN_007_B,555-0015
003T700000JxPj9IAF,mdd_dfnlbj0h_8a@perftest.example.com,MDD_dfnLBJ0H_FN_008_A,MDD_dfnLBJ0H_LN_008_A,555-0016
003T700000JxPjAIAV,mdd_dfnlbj0h_8b@perftest.example.com,MDD_dfnLBJ0H_FN_008_B,MDD_dfnLBJ0H_LN_008_B,555-0017
003T700000JxPjBIAV,mdd_dfnlbj0h_9a@perftest.example.com,MDD_dfnLBJ0H_FN_009_A,MDD_dfnLBJ0H_LN_009_A,555-0018
003T700000JxPjCIAV,mdd_dfnlbj0h_9b@perftest.example.com,MDD_dfnLBJ0H_FN_009_B,MDD_dfnLBJ0H_LN_009_B,555-0019
003T700000JxPjDIAV,mdd_dfnlbj0h_10a@perftest.example.com,MDD_dfnLBJ0H_FN_010_A,MDD_dfnLBJ0H_LN_010_A,555-0020
003T700000JxPjEIAV,mdd_dfnlbj0h_10b@perftest.example.com,MDD_dfnLBJ0H_FN_010_B,MDD_dfnLBJ0H_LN_010_B,555-0021
003T700000JxQjpIAF,mdd_akxiyvjt_1a@perftest.example.com,MDD_aKxiYVjT_FN_001_A,MDD_aKxiYVjT_LN_001_A,555-0002
003T700000JxQjqIAF,mdd_akxiyvjt_1b@perftest.example.com,MDD_aKxiYVjT_FN_001_B,MDD_aKxiYVjT_LN_001_B,555-0003
003T700000JxQjrIAF,mdd_akxiyvjt_2a@perftest.example.com,MDD_aKxiYVjT_FN_002_A,MDD_aKxiYVjT_LN_002_A,555-0004
003T700000JxQjsIAF,mdd_akxiyvjt_2b@perftest.example.com,MDD_aKxiYVjT_FN_002_B,MDD_aKxiYVjT_LN_002_B,555-0005
003T700000JxQjtIAF,mdd_akxiyvjt_3a@perftest.example.com,MDD_aKxiYVjT_FN_003_A,MDD_aKxiYVjT_LN_003_A,555-0006
003T700000JxQjuIAF,mdd_akxiyvjt_3b@perftest.example.com,MDD_aKxiYVjT_FN_003_B,MDD_aKxiYVjT_LN_003_B,555-0007
003T700000JxQjvIAF,mdd_akxiyvjt_4a@perftest.example.com,MDD_aKxiYVjT_FN_004_A,MDD_aKxiYVjT_LN_004_A,555-0008
003T700000JxQjwIAF,mdd_akxiyvjt_4b@perftest.example.com,MDD_aKxiYVjT_FN_004_B,MDD_aKxiYVjT_LN_004_B,555-0009
003T700000JxQjxIAF,mdd_akxiyvjt_5a@perftest.example.com,MDD_aKxiYVjT_FN_005_A,MDD_aKxiYVjT_LN_005_A,555-0010
003T700000JxQjyIAF,mdd_akxiyvjt_5b@perftest.example.com,MDD_aKxiYVjT_FN_005_B,MDD_aKxiYVjT_LN_005_B,555-0011
003T700000JxQjzIAF,mdd_akxiyvjt_6a@perftest.example.com,MDD_aKxiYVjT_FN_006_A,MDD_aKxiYVjT_LN_006_A,555-0012
003T700000JxQk0IAF,mdd_akxiyvjt_6b@perftest.example.com,MDD_aKxiYVjT_FN_006_B,MDD_aKxiYVjT_LN_006_B,555-0013
003T700000JxQk1IAF,mdd_akxiyvjt_7a@perftest.example.com,MDD_aKxiYVjT_FN_007_A,MDD_aKxiYVjT_LN_007_A,555-0014
003T700000JxQk2IAF,mdd_akxiyvjt_7b@perftest.example.com,MDD_aKxiYVjT_FN_007_B,MDD_aKxiYVjT_LN_007_B,555-0015
003T700000JxQk3IAF,mdd_akxiyvjt_8a@perftest.example.com,MDD_aKxiYVjT_FN_008_A,MDD_aKxiYVjT_LN_008_A,555-0016
003T700000JxQk4IAF,mdd_akxiyvjt_8b@perftest.example.com,MDD_aKxiYVjT_FN_008_B,MDD_aKxiYVjT_LN_008_B,555-0017
003T700000JxQk5IAF,mdd_akxiyvjt_9a@perftest.example.com,MDD_aKxiYVjT_FN_009_A,MDD_aKxiYVjT_LN_009_A,555-0018
003T700000JxQk6IAF,mdd_akxiyvjt_9b@perftest.example.com,MDD_aKxiYVjT_FN_009_B,MDD_aKxiYVjT_LN_009_B,555-0019
003T700000JxQk7IAF,mdd_akxiyvjt_10a@perftest.example.com,MDD_aKxiYVjT_FN_010_A,MDD_aKxiYVjT_LN_010_A,555-0020
003T700000JxQk8IAF,mdd_akxiyvjt_10b@perftest.example.com,MDD_aKxiYVjT_FN_010_B,MDD_aKxiYVjT_LN_010_B,555-0021
003T700000JxThNIAV,mdd_tmkqr3bg_1a@perftest.example.com,MDD_tmKqr3BG_FN_001_A,MDD_tmKqr3BG_LN_001_A,555-0002
003T700000JxThOIAV,mdd_tmkqr3bg_1b@perftest.example.com,MDD_tmKqr3BG_FN_001_B,MDD_tmKqr3BG_LN_001_B,555-0003
003T700000JxThPIAV,mdd_tmkqr3bg_2a@perftest.example.com,MDD_tmKqr3BG_FN_002_A,MDD_tmKqr3BG_LN_002_A,555-0004
003T700000JxThQIAV,mdd_tmkqr3bg_2b@perftest.example.com,MDD_tmKqr3BG_FN_002_B,MDD_tmKqr3BG_LN_002_B,555-0005
003T700000JxThRIAV,mdd_tmkqr3bg_3a@perftest.example.com,MDD_tmKqr3BG_FN_003_A,MDD_tmKqr3BG_LN_003_A,555-0006
003T700000JxThSIAV,mdd_tmkqr3bg_3b@perftest.example.com,MDD_tmKqr3BG_FN_003_B,MDD_tmKqr3BG_LN_003_B,555-0007
003T700000JxThTIAV,mdd_tmkqr3bg_4a@perftest.example.com,MDD_tmKqr3BG_FN_004_A,MDD_tmKqr3BG_LN_004_A,555-0008
003T700000JxThUIAV,mdd_tmkqr3bg_4b@perftest.example.com,MDD_tmKqr3BG_FN_004_B,MDD_tmKqr3BG_LN_004_B,555-0009
003T700000JxThVIAV,mdd_tmkqr3bg_5a@perftest.example.com,MDD_tmKqr3BG_FN_005_A,MDD_tmKqr3BG_LN_005_A,555-0010
003T700000JxThWIAV,mdd_tmkqr3bg_5b@perftest.example.com,MDD_tmKqr3BG_FN_005_B,MDD_tmKqr3BG_LN_005_B,555-0011
003T700000JxThXIAV,mdd_tmkqr3bg_6a@perftest.example.com,MDD_tmKqr3BG_FN_006_A,MDD_tmKqr3BG_LN_006_A,555-0012
003T700000JxThYIAV,mdd_tmkqr3bg_6b@perftest.example.com,MDD_tmKqr3BG_FN_006_B,MDD_tmKqr3BG_LN_006_B,555-0013
003T700000JxThZIAV,mdd_tmkqr3bg_7a@perftest.example.com,MDD_tmKqr3BG_FN_007_A,MDD_tmKqr3BG_LN_007_A,555-0014
003T700000JxThaIAF,mdd_tmkqr3bg_7b@perftest.example.com,MDD_tmKqr3BG_FN_007_B,MDD_tmKqr3BG_LN_007_B,555-0015
003T700000JxThbIAF,mdd_tmkqr3bg_8a@perftest.example.com,MDD_tmKqr3BG_FN_008_A,MDD_tmKqr3BG_LN_008_A,555-0016
003T700000JxThcIAF,mdd_tmkqr3bg_8b@perftest.example.com,MDD_tmKqr3BG_FN_008_B,MDD_tmKqr3BG_LN_008_B,555-0017
003T700000JxThdIAF,mdd_tmkqr3bg_9a@perftest.example.com,MDD_tmKqr3BG_FN_009_A,MDD_tmKqr3BG_LN_009_A,555-0018
003T700000JxTheIAF,mdd_tmkqr3bg_9b@perftest.example.com,MDD_tmKqr3BG_FN_009_B,MDD_tmKqr3BG_LN_009_B,555-0019
003T700000JxThfIAF,mdd_tmkqr3bg_10a@perftest.example.com,MDD_tmKqr3BG_FN_010_A,MDD_tmKqr3BG_LN_010_A,555-0020
003T700000JxThgIAF,mdd_tmkqr3bg_10b@perftest.example.com,MDD_tmKqr3BG_FN_010_B,MDD_tmKqr3BG_LN_010_B,555-0021
003T700000JxjuDIAR,mdd_jojg7c0o_1a@perftest.example.com,MDD_joJG7C0o_FN_001_A,MDD_joJG7C0o_LN_001_A,555-0002
003T700000JxjuEIAR,mdd_jojg7c0o_1b@perftest.example.com,MDD_joJG7C0o_FN_001_B,MDD_joJG7C0o_LN_001_B,555-0003
003T700000JxjuFIAR,mdd_jojg7c0o_2a@perftest.example.com,MDD_joJG7C0o_FN_002_A,MDD_joJG7C0o_LN_002_A,555-0004
003T700000JxjuGIAR,mdd_jojg7c0o_2b@perftest.example.com,MDD_joJG7C0o_FN_002_B,MDD_joJG7C0o_LN_002_B,555-0005
003T700000JxjuHIAR,mdd_jojg7c0o_3a@perftest.example.com,MDD_joJG7C0o_FN_003_A,MDD_joJG7C0o_LN_003_A,555-0006
003T700000JxjuIIAR,mdd_jojg7c0o_3b@perftest.example.com,MDD_joJG7C0o_FN_003_B,MDD_joJG7C0o_LN_003_B,555-0007
003T700000JxjuJIAR,mdd_jojg7c0o_4a@perftest.example.com,MDD_joJG7C0o_FN_004_A,MDD_joJG7C0o_LN_004_A,555-0008
003T700000JxjuKIAR,mdd_jojg7c0o_4b@perftest.example.com,MDD_joJG7C0o_FN_004_B,MDD_joJG7C0o_LN_004_B,555-0009
003T700000JxjuLIAR,mdd_jojg7c0o_5a@perftest.example.com,MDD_joJG7C0o_FN_005_A,MDD_joJG7C0o_LN_005_A,555-0010
003T700000JxjuMIAR,mdd_jojg7c0o_5b@perftest.example.com,MDD_joJG7C0o_FN_005_B,MDD_joJG7C0o_LN_005_B,555-0011
003T700000JxjuNIAR,mdd_jojg7c0o_6a@perftest.example.com,MDD_joJG7C0o_FN_006_A,MDD_joJG7C0o_LN_006_A,555-0012
003T700000JxjuOIAR,mdd_jojg7c0o_6b@perftest.example.com,MDD_joJG7C0o_FN_006_B,MDD_joJG7C0o_LN_006_B,555-0013
003T700000JxjuPIAR,mdd_jojg7c0o_7a@perftest.example.com,MDD_joJG7C0o_FN_007_A,MDD_joJG7C0o_LN_007_A,555-0014
003T700000JxjuQIAR,mdd_jojg7c0o_7b@perftest.example.com,MDD_joJG7C0o_FN_007_B,MDD_joJG7C0o_LN_007_B,555-0015
003T700000JxjuRIAR,mdd_jojg7c0o_8a@perftest.example.com,MDD_joJG7C0o_FN_008_A,MDD_joJG7C0o_LN_008_A,555-0016
003T700000JxjuSIAR,mdd_jojg7c0o_8b@perftest.example.com,MDD_joJG7C0o_FN_008_B,MDD_joJG7C0o_LN_008_B,555-0017
003T700000JxjuTIAR,mdd_jojg7c0o_9a@perftest.example.com,MDD_joJG7C0o_FN_009_A,MDD_joJG7C0o_LN_009_A,555-0018
003T700000JxjuUIAR,mdd_jojg7c0o_9b@perftest.example.com,MDD_joJG7C0o_FN_009_B,MDD_joJG7C0o_LN_009_B,555-0019
003T700000JxjuVIAR,mdd_jojg7c0o_10a@perftest.example.com,MDD_joJG7C0o_FN_010_A,MDD_joJG7C0o_LN_010_A,555-0020
003T700000JxjuWIAR,mdd_jojg7c0o_10b@perftest.example.com,MDD_joJG7C0o_FN_010_B,MDD_joJG7C0o_LN_010_B,555-0021
003T700000JxumPIAR,mdd_86jjlbzz_1a@perftest.example.com,MDD_86JjLbZZ_FN_001_A,MDD_86JjLbZZ_LN_001_A,555-0002
003T700000JxumQIAR,mdd_86jjlbzz_1b@perftest.example.com,MDD_86JjLbZZ_FN_001_B,MDD_86JjLbZZ_LN_001_B,555-0003
003T700000JxumRIAR,mdd_86jjlbzz_2a@perftest.example.com,MDD_86JjLbZZ_FN_002_A,MDD_86JjLbZZ_LN_002_A,555-0004
003T700000JxumSIAR,mdd_86jjlbzz_2b@perftest.example.com,MDD_86JjLbZZ_FN_002_B,MDD_86JjLbZZ_LN_002_B,555-0005
003T700000JxumTIAR,mdd_86jjlbzz_3a@perftest.example.com,MDD_86JjLbZZ_FN_003_A,MDD_86JjLbZZ_LN_003_A,555-0006
003T700000JxumUIAR,mdd_86jjlbzz_3b@perftest.example.com,MDD_86JjLbZZ_FN_003_B,MDD_86JjLbZZ_LN_003_B,555-0007
003T700000JxumVIAR,mdd_86jjlbzz_4a@perftest.example.com,MDD_86JjLbZZ_FN_004_A,MDD_86JjLbZZ_LN_004_A,555-0008
003T700000JxumWIAR,mdd_86jjlbzz_4b@perftest.example.com,MDD_86JjLbZZ_FN_004_B,MDD_86JjLbZZ_LN_004_B,555-0009
003T700000JxumXIAR,mdd_86jjlbzz_5a@perftest.example.com,MDD_86JjLbZZ_FN_005_A,MDD_86JjLbZZ_LN_005_A,555-0010
003T700000JxumYIAR,mdd_86jjlbzz_5b@perftest.example.com,MDD_86JjLbZZ_FN_005_B,MDD_86JjLbZZ_LN_005_B,555-0011
003T700000JxumZIAR,mdd_86jjlbzz_6a@perftest.example.com,MDD_86JjLbZZ_FN_006_A,MDD_86JjLbZZ_LN_006_A,555-0012
003T700000JxumaIAB,mdd_86jjlbzz_6b@perftest.example.com,MDD_86JjLbZZ_FN_006_B,MDD_86JjLbZZ_LN_006_B,555-0013
003T700000JxumbIAB,mdd_86jjlbzz_7a@perftest.example.com,MDD_86JjLbZZ_FN_007_A,MDD_86JjLbZZ_LN_007_A,555-0014
003T700000JxumcIAB,mdd_86jjlbzz_7b@perftest.example.com,MDD_86JjLbZZ_FN_007_B,MDD_86JjLbZZ_LN_007_B,555-0015
003T700000JxumdIAB,mdd_86jjlbzz_8a@perftest.example.com,MDD_86JjLbZZ_FN_008_A,MDD_86JjLbZZ_LN_008_A,555-0016
003T700000JxumeIAB,mdd_86jjlbzz_8b@perftest.example.com,MDD_86JjLbZZ_FN_008_B,MDD_86JjLbZZ_LN_008_B,555-0017
003T700000JxumfIAB,mdd_86jjlbzz_9a@perftest.example.com,MDD_86JjLbZZ_FN_009_A,MDD_86JjLbZZ_LN_009_A,555-0018
003T700000JxumgIAB,mdd_86jjlbzz_9b@perftest.example.com,MDD_86JjLbZZ_FN_009_B,MDD_86JjLbZZ_LN_009_B,555-0019
003T700000JxumhIAB,mdd_86jjlbzz_10a@perftest.example.com,MDD_86JjLbZZ_FN_010_A,MDD_86JjLbZZ_LN_010_A,555-0020
003T700000JxumiIAB,mdd_86jjlbzz_10b@perftest.example.com,MDD_86JjLbZZ_FN_010_B,MDD_86JjLbZZ_LN_010_B,555-0021
003T700000Jy0S1IAJ,mdd_ny493uaw_1a@perftest.example.com,MDD_NY493UAw_FN_001_A,MDD_NY493UAw_LN_001_A,555-0002
003T700000Jy0S2IAJ,mdd_ny493uaw_1b@perftest.example.com,MDD_NY493UAw_FN_001_B,MDD_NY493UAw_LN_001_B,555-0003
003T700000Jy0S3IAJ,mdd_ny493uaw_2a@perftest.example.com,MDD_NY493UAw_FN_002_A,MDD_NY493UAw_LN_002_A,555-0004
003T700000Jy0S4IAJ,mdd_ny493uaw_2b@perftest.example.com,MDD_NY493UAw_FN_002_B,MDD_NY493UAw_LN_002_B,555-0005
003T700000Jy0S5IAJ,mdd_ny493uaw_3a@perftest.example.com,MDD_NY493UAw_FN_003_A,MDD_NY493UAw_LN_003_A,555-0006
003T700000Jy0S6IAJ,mdd_ny493uaw_3b@perftest.example.com,MDD_NY493UAw_FN_003_B,MDD_NY493UAw_LN_003_B,555-0007
003T700000Jy0S7IAJ,mdd_ny493uaw_4a@perftest.example.com,MDD_NY493UAw_FN_004_A,MDD_NY493UAw_LN_004_A,555-0008
003T700000Jy0S8IAJ,mdd_ny493uaw_4b@perftest.example.com,MDD_NY493UAw_FN_004_B,MDD_NY493UAw_LN_004_B,555-0009
003T700000Jy0S9IAJ,mdd_ny493uaw_5a@perftest.example.com,MDD_NY493UAw_FN_005_A,MDD_NY493UAw_LN_005_A,555-0010
003T700000Jy0SAIAZ,mdd_ny493uaw_5b@perftest.example.com,MDD_NY493UAw_FN_005_B,MDD_NY493UAw_LN_005_B,555-0011
003T700000Jy0SBIAZ,mdd_ny493uaw_6a@perftest.example.com,MDD_NY493UAw_FN_006_A,MDD_NY493UAw_LN_006_A,555-0012
003T700000Jy0SCIAZ,mdd_ny493uaw_6b@perftest.example.com,MDD_NY493UAw_FN_006_B,MDD_NY493UAw_LN_006_B,555-0013
003T700000Jy0SDIAZ,mdd_ny493uaw_7a@perftest.example.com,MDD_NY493UAw_FN_007_A,MDD_NY493UAw_LN_007_A,555-0014
003T700000Jy0SEIAZ,mdd_ny493uaw_7b@perftest.example.com,MDD_NY493UAw_FN_007_B,MDD_NY493UAw_LN_007_B,555-0015
003T700000Jy0SFIAZ,mdd_ny493uaw_8a@perftest.example.com,MDD_NY493UAw_FN_008_A,MDD_NY493UAw_LN_008_A,555-0016
003T700000Jy0SGIAZ,mdd_ny493uaw_8b@perftest.example.com,MDD_NY493UAw_FN_008_B,MDD_NY493UAw_LN_008_B,555-0017
003T700000Jy0SHIAZ,mdd_ny493uaw_9a@perftest.example.com,MDD_NY493UAw_FN_009_A,MDD_NY493UAw_LN_009_A,555-0018
003T700000Jy0SIIAZ,mdd_ny493uaw_9b@perftest.example.com,MDD_NY493UAw_FN_009_B,MDD_NY493UAw_LN_009_B,555-0019
003T700000Jy0SJIAZ,mdd_ny493uaw_10a@perftest.example.com,MDD_NY493UAw_FN_010_A,MDD_NY493UAw_LN_010_A,555-0020
003T700000Jy0SKIAZ,mdd_ny493uaw_10b@perftest.example.com,MDD_NY493UAw_FN_010_B,MDD_NY493UAw_LN_010_B,555-0021
003T700000Jy5PRIAZ,mdd_gqq839jn_1a@perftest.example.com,MDD_GQQ839jn_FN_001_A,MDD_GQQ839jn_LN_001_A,555-0002
003T700000Jy5PSIAZ,mdd_gqq839jn_1b@perftest.example.com,MDD_GQQ839jn_FN_001_B,MDD_GQQ839jn_LN_001_B,555-0003
003T700000Jy5PTIAZ,mdd_gqq839jn_2a@perftest.example.com,MDD_GQQ839jn_FN_002_A,MDD_GQQ839jn_LN_002_A,555-0004
003T700000Jy5PUIAZ,mdd_gqq839jn_2b@perftest.example.com,MDD_GQQ839jn_FN_002_B,MDD_GQQ839jn_LN_002_B,555-0005
003T700000Jy5PVIAZ,mdd_gqq839jn_3a@perftest.example.com,MDD_GQQ839jn_FN_003_A,MDD_GQQ839jn_LN_003_A,555-0006
003T700000Jy5PWIAZ,mdd_gqq839jn_3b@perftest.example.com,MDD_GQQ839jn_FN_003_B,MDD_GQQ839jn_LN_003_B,555-0007
003T700000Jy5PXIAZ,mdd_gqq839jn_4a@perftest.example.com,MDD_GQQ839jn_FN_004_A,MDD_GQQ839jn_LN_004_A,555-0008
003T700000Jy5PYIAZ,mdd_gqq839jn_4b@perftest.example.com,MDD_GQQ839jn_FN_004_B,MDD_GQQ839jn_LN_004_B,555-0009
003T700000Jy5PZIAZ,mdd_gqq839jn_5a@perftest.example.com,MDD_GQQ839jn_FN_005_A,MDD_GQQ839jn_LN_005_A,555-0010
003T700000Jy5PaIAJ,mdd_gqq839jn_5b@perftest.example.com,MDD_GQQ839jn_FN_005_B,MDD_GQQ839jn_LN_005_B,555-0011
003T700000Jy5PbIAJ,mdd_gqq839jn_6a@perftest.example.com,MDD_GQQ839jn_FN_006_A,MDD_GQQ839jn_LN_006_A,555-0012
003T700000Jy5PcIAJ,mdd_gqq839jn_6b@perftest.example.com,MDD_GQQ839jn_FN_006_B,MDD_GQQ839jn_LN_006_B,555-0013
003T700000Jy5PdIAJ,mdd_gqq839jn_7a@perftest.example.com,MDD_GQQ839jn_FN_007_A,MDD_GQQ839jn_LN_007_A,555-0014
003T700000Jy5PeIAJ,mdd_gqq839jn_7b@perftest.example.com,MDD_GQQ839jn_FN_007_B,MDD_GQQ839jn_LN_007_B,555-0015
003T700000Jy5PfIAJ,mdd_gqq839jn_8a@perftest.example.com,MDD_GQQ839jn_FN_008_A,MDD_GQQ839jn_LN_008_A,555-0016
003T700000Jy5PgIAJ,mdd_gqq839jn_8b@perftest.example.com,MDD_GQQ839jn_FN_008_B,MDD_GQQ839jn_LN_008_B,555-0017
003T700000Jy5PhIAJ,mdd_gqq839jn_9a@perftest.example.com,MDD_GQQ839jn_FN_009_A,MDD_GQQ839jn_LN_009_A,555-0018
003T700000Jy5PiIAJ,mdd_gqq839jn_9b@perftest.example.com,MDD_GQQ839jn_FN_009_B,MDD_GQQ839jn_LN_009_B,555-0019
003T700000Jy5PjIAJ,mdd_gqq839jn_10a@perftest.example.com,MDD_GQQ839jn_FN_010_A,MDD_GQQ839jn_LN_010_A,555-0020
003T700000Jy5PkIAJ,mdd_gqq839jn_10b@perftest.example.com,MDD_GQQ839jn_FN_010_B,MDD_GQQ839jn_LN_010_B,555-0021
003T700000Jy8GXIAZ,mdd_7x9ubvfo_1a@perftest.example.com,MDD_7x9UbVFO_FN_001_A,MDD_7x9UbVFO_LN_001_A,555-0002
003T700000Jy8GYIAZ,mdd_7x9ubvfo_1b@perftest.example.com,MDD_7x9UbVFO_FN_001_B,MDD_7x9UbVFO_LN_001_B,555-0003
003T700000Jy8GZIAZ,mdd_7x9ubvfo_2a@perftest.example.com,MDD_7x9UbVFO_FN_002_A,MDD_7x9UbVFO_LN_002_A,555-0004
003T700000Jy8GaIAJ,mdd_7x9ubvfo_2b@perftest.example.com,MDD_7x9UbVFO_FN_002_B,MDD_7x9UbVFO_LN_002_B,555-0005
003T700000Jy8GbIAJ,mdd_7x9ubvfo_3a@perftest.example.com,MDD_7x9UbVFO_FN_003_A,MDD_7x9UbVFO_LN_003_A,555-0006
003T700000Jy8GcIAJ,mdd_7x9ubvfo_3b@perftest.example.com,MDD_7x9UbVFO_FN_003_B,MDD_7x9UbVFO_LN_003_B,555-0007
003T700000Jy8GdIAJ,mdd_7x9ubvfo_4a@perftest.example.com,MDD_7x9UbVFO_FN_004_A,MDD_7x9UbVFO_LN_004_A,555-0008
003T700000Jy8GeIAJ,mdd_7x9ubvfo_4b@perftest.example.com,MDD_7x9UbVFO_FN_004_B,MDD_7x9UbVFO_LN_004_B,555-0009
003T700000Jy8GfIAJ,mdd_7x9ubvfo_5a@perftest.example.com,MDD_7x9UbVFO_FN_005_A,MDD_7x9UbVFO_LN_005_A,555-0010
003T700000Jy8GgIAJ,mdd_7x9ubvfo_5b@perftest.example.com,MDD_7x9UbVFO_FN_005_B,MDD_7x9UbVFO_LN_005_B,555-0011
003T700000Jy8GhIAJ,mdd_7x9ubvfo_6a@perftest.example.com,MDD_7x9UbVFO_FN_006_A,MDD_7x9UbVFO_LN_006_A,555-0012
003T700000Jy8GiIAJ,mdd_7x9ubvfo_6b@perftest.example.com,MDD_7x9UbVFO_FN_006_B,MDD_7x9UbVFO_LN_006_B,555-0013
003T700000Jy8GjIAJ,mdd_7x9ubvfo_7a@perftest.example.com,MDD_7x9UbVFO_FN_007_A,MDD_7x9UbVFO_LN_007_A,555-0014
003T700000Jy8GkIAJ,mdd_7x9ubvfo_7b@perftest.example.com,MDD_7x9UbVFO_FN_007_B,MDD_7x9UbVFO_LN_007_B,555-0015
003T700000Jy8GlIAJ,mdd_7x9ubvfo_8a@perftest.example.com,MDD_7x9UbVFO_FN_008_A,MDD_7x9UbVFO_LN_008_A,555-0016
003T700000Jy8GmIAJ,mdd_7x9ubvfo_8b@perftest.example.com,MDD_7x9UbVFO_FN_008_B,MDD_7x9UbVFO_LN_008_B,555-0017
003T700000Jy8GnIAJ,mdd_7x9ubvfo_9a@perftest.example.com,MDD_7x9UbVFO_FN_009_A,MDD_7x9UbVFO_LN_009_A,555-0018
003T700000Jy8GoIAJ,mdd_7x9ubvfo_9b@perftest.example.com,MDD_7x9UbVFO_FN_009_B,MDD_7x9UbVFO_LN_009_B,555-0019
003T700000Jy8GpIAJ,mdd_7x9ubvfo_10a@perftest.example.com,MDD_7x9UbVFO_FN_010_A,MDD_7x9UbVFO_LN_010_A,555-0020
003T700000Jy8GqIAJ,mdd_7x9ubvfo_10b@perftest.example.com,MDD_7x9UbVFO_FN_010_B,MDD_7x9UbVFO_LN_010_B,555-0021
003T700000JyB9FIAV,mdd_yvxufebz_1a@perftest.example.com,MDD_YvxufebZ_FN_001_A,MDD_YvxufebZ_LN_001_A,555-0002
003T700000JyB9GIAV,mdd_yvxufebz_1b@perftest.example.com,MDD_YvxufebZ_FN_001_B,MDD_YvxufebZ_LN_001_B,555-0003
003T700000JyB9HIAV,mdd_yvxufebz_2a@perftest.example.com,MDD_YvxufebZ_FN_002_A,MDD_YvxufebZ_LN_002_A,555-0004
003T700000JyB9IIAV,mdd_yvxufebz_2b@perftest.example.com,MDD_YvxufebZ_FN_002_B,MDD_YvxufebZ_LN_002_B,555-0005
003T700000JyB9JIAV,mdd_yvxufebz_3a@perftest.example.com,MDD_YvxufebZ_FN_003_A,MDD_YvxufebZ_LN_003_A,555-0006
003T700000JyB9KIAV,mdd_yvxufebz_3b@perftest.example.com,MDD_YvxufebZ_FN_003_B,MDD_YvxufebZ_LN_003_B,555-0007
003T700000JyB9LIAV,mdd_yvxufebz_4a@perftest.example.com,MDD_YvxufebZ_FN_004_A,MDD_YvxufebZ_LN_004_A,555-0008
003T700000JyB9MIAV,mdd_yvxufebz_4b@perftest.example.com,MDD_YvxufebZ_FN_004_B,MDD_YvxufebZ_LN_004_B,555-0009
003T700000JyB9NIAV,mdd_yvxufebz_5a@perftest.example.com,MDD_YvxufebZ_FN_005_A,MDD_YvxufebZ_LN_005_A,555-0010
003T700000JyB9OIAV,mdd_yvxufebz_5b@perftest.example.com,MDD_YvxufebZ_FN_005_B,MDD_YvxufebZ_LN_005_B,555-0011
003T700000JyB9PIAV,mdd_yvxufebz_6a@perftest.example.com,MDD_YvxufebZ_FN_006_A,MDD_YvxufebZ_LN_006_A,555-0012
003T700000JyB9QIAV,mdd_yvxufebz_6b@perftest.example.com,MDD_YvxufebZ_FN_006_B,MDD_YvxufebZ_LN_006_B,555-0013
003T700000JyB9RIAV,mdd_yvxufebz_7a@perftest.example.com,MDD_YvxufebZ_FN_007_A,MDD_YvxufebZ_LN_007_A,555-0014
003T700000JyB9SIAV,mdd_yvxufebz_7b@perftest.example.com,MDD_YvxufebZ_FN_007_B,MDD_YvxufebZ_LN_007_B,555-0015
003T700000JyB9TIAV,mdd_yvxufebz_8a@perftest.example.com,MDD_YvxufebZ_FN_008_A,MDD_YvxufebZ_LN_008_A,555-0016
003T700000JyB9UIAV,mdd_yvxufebz_8b@perftest.example.com,MDD_YvxufebZ_FN_008_B,MDD_YvxufebZ_LN_008_B,555-0017
003T700000JyB9VIAV,mdd_yvxufebz_9a@perftest.example.com,MDD_YvxufebZ_FN_009_A,MDD_YvxufebZ_LN_009_A,555-0018
003T700000JyB9WIAV,mdd_yvxufebz_9b@perftest.example.com,MDD_YvxufebZ_FN_009_B,MDD_YvxufebZ_LN_009_B,555-0019
003T700000JyB9XIAV,mdd_yvxufebz_10a@perftest.example.com,MDD_YvxufebZ_FN_010_A,MDD_YvxufebZ_LN_010_A,555-0020
003T700000JyB9YIAV,mdd_yvxufebz_10b@perftest.example.com,MDD_YvxufebZ_FN_010_B,MDD_YvxufebZ_LN_010_B,555-0021
003T700000JyScnIAF,mdd_erxnsm9b_1a@perftest.example.com,MDD_erXnSM9b_FN_001_A,MDD_erXnSM9b_LN_001_A,555-0002
003T700000JyScoIAF,mdd_erxnsm9b_1b@perftest.example.com,MDD_erXnSM9b_FN_001_B,MDD_erXnSM9b_LN_001_B,555-0003
003T700000JyScpIAF,mdd_erxnsm9b_2a@perftest.example.com,MDD_erXnSM9b_FN_002_A,MDD_erXnSM9b_LN_002_A,555-0004
003T700000JyScqIAF,mdd_erxnsm9b_2b@perftest.example.com,MDD_erXnSM9b_FN_002_B,MDD_erXnSM9b_LN_002_B,555-0005
003T700000JyScrIAF,mdd_erxnsm9b_3a@perftest.example.com,MDD_erXnSM9b_FN_003_A,MDD_erXnSM9b_LN_003_A,555-0006
003T700000JyScsIAF,mdd_erxnsm9b_3b@perftest.example.com,MDD_erXnSM9b_FN_003_B,MDD_erXnSM9b_LN_003_B,555-0007
003T700000JySctIAF,mdd_erxnsm9b_4a@perftest.example.com,MDD_erXnSM9b_FN_004_A,MDD_erXnSM9b_LN_004_A,555-0008
003T700000JyScuIAF,mdd_erxnsm9b_4b@perftest.example.com,MDD_erXnSM9b_FN_004_B,MDD_erXnSM9b_LN_004_B,555-0009
003T700000JyScvIAF,mdd_erxnsm9b_5a@perftest.example.com,MDD_erXnSM9b_FN_005_A,MDD_erXnSM9b_LN_005_A,555-0010
003T700000JyScwIAF,mdd_erxnsm9b_5b@perftest.example.com,MDD_erXnSM9b_FN_005_B,MDD_erXnSM9b_LN_005_B,555-0011
003T700000JyScxIAF,mdd_erxnsm9b_6a@perftest.example.com,MDD_erXnSM9b_FN_006_A,MDD_erXnSM9b_LN_006_A,555-0012
003T700000JyScyIAF,mdd_erxnsm9b_6b@perftest.example.com,MDD_erXnSM9b_FN_006_B,MDD_erXnSM9b_LN_006_B,555-0013
003T700000JySczIAF,mdd_erxnsm9b_7a@perftest.example.com,MDD_erXnSM9b_FN_007_A,MDD_erXnSM9b_LN_007_A,555-0014
003T700000JySd0IAF,mdd_erxnsm9b_7b@perftest.example.com,MDD_erXnSM9b_FN_007_B,MDD_erXnSM9b_LN_007_B,555-0015
003T700000JySd1IAF,mdd_erxnsm9b_8a@perftest.example.com,MDD_erXnSM9b_FN_008_A,MDD_erXnSM9b_LN_008_A,555-0016
003T700000JySd2IAF,mdd_erxnsm9b_8b@perftest.example.com,MDD_erXnSM9b_FN_008_B,MDD_erXnSM9b_LN_008_B,555-0017
003T700000JySd3IAF,mdd_erxnsm9b_9a@perftest.example.com,MDD_erXnSM9b_FN_009_A,MDD_erXnSM9b_LN_009_A,555-0018
003T700000JySd4IAF,mdd_erxnsm9b_9b@perftest.example.com,MDD_erXnSM9b_FN_009_B,MDD_erXnSM9b_LN_009_B,555-0019
003T700000JySd5IAF,mdd_erxnsm9b_10a@perftest.example.com,MDD_erXnSM9b_FN_010_A,MDD_erXnSM9b_LN_010_A,555-0020
003T700000JySd6IAF,mdd_erxnsm9b_10b@perftest.example.com,MDD_erXnSM9b_FN_010_B,MDD_erXnSM9b_LN_010_B,555-0021
003T700000JyagnIAB,mdd_dxmzwmjo_1a@perftest.example.com,MDD_dXMZwMJo_FN_001_A,MDD_dXMZwMJo_LN_001_A,555-0002
003T700000JyagoIAB,mdd_dxmzwmjo_1b@perftest.example.com,MDD_dXMZwMJo_FN_001_B,MDD_dXMZwMJo_LN_001_B,555-0003
003T700000JyagpIAB,mdd_dxmzwmjo_2a@perftest.example.com,MDD_dXMZwMJo_FN_002_A,MDD_dXMZwMJo_LN_002_A,555-0004
003T700000JyagqIAB,mdd_dxmzwmjo_2b@perftest.example.com,MDD_dXMZwMJo_FN_002_B,MDD_dXMZwMJo_LN_002_B,555-0005
003T700000JyagrIAB,mdd_dxmzwmjo_3a@perftest.example.com,MDD_dXMZwMJo_FN_003_A,MDD_dXMZwMJo_LN_003_A,555-0006
003T700000JyagsIAB,mdd_dxmzwmjo_3b@perftest.example.com,MDD_dXMZwMJo_FN_003_B,MDD_dXMZwMJo_LN_003_B,555-0007
003T700000JyagtIAB,mdd_dxmzwmjo_4a@perftest.example.com,MDD_dXMZwMJo_FN_004_A,MDD_dXMZwMJo_LN_004_A,555-0008
003T700000JyaguIAB,mdd_dxmzwmjo_4b@perftest.example.com,MDD_dXMZwMJo_FN_004_B,MDD_dXMZwMJo_LN_004_B,555-0009
003T700000JyagvIAB,mdd_dxmzwmjo_5a@perftest.example.com,MDD_dXMZwMJo_FN_005_A,MDD_dXMZwMJo_LN_005_A,555-0010
003T700000JyagwIAB,mdd_dxmzwmjo_5b@perftest.example.com,MDD_dXMZwMJo_FN_005_B,MDD_dXMZwMJo_LN_005_B,555-0011
003T700000JyagxIAB,mdd_dxmzwmjo_6a@perftest.example.com,MDD_dXMZwMJo_FN_006_A,MDD_dXMZwMJo_LN_006_A,555-0012
003T700000JyagyIAB,mdd_dxmzwmjo_6b@perftest.example.com,MDD_dXMZwMJo_FN_006_B,MDD_dXMZwMJo_LN_006_B,555-0013
003T700000JyagzIAB,mdd_dxmzwmjo_7a@perftest.example.com,MDD_dXMZwMJo_FN_007_A,MDD_dXMZwMJo_LN_007_A,555-0014
003T700000Jyah0IAB,mdd_dxmzwmjo_7b@perftest.example.com,MDD_dXMZwMJo_FN_007_B,MDD_dXMZwMJo_LN_007_B,555-0015
003T700000Jyah1IAB,mdd_dxmzwmjo_8a@perftest.example.com,MDD_dXMZwMJo_FN_008_A,MDD_dXMZwMJo_LN_008_A,555-0016
003T700000Jyah2IAB,mdd_dxmzwmjo_8b@perftest.example.com,MDD_dXMZwMJo_FN_008_B,MDD_dXMZwMJo_LN_008_B,555-0017
003T700000Jyah3IAB,mdd_dxmzwmjo_9a@perftest.example.com,MDD_dXMZwMJo_FN_009_A,MDD_dXMZwMJo_LN_009_A,555-0018
003T700000Jyah4IAB,mdd_dxmzwmjo_9b@perftest.example.com,MDD_dXMZwMJo_FN_009_B,MDD_dXMZwMJo_LN_009_B,555-0019
003T700000Jyah5IAB,mdd_dxmzwmjo_10a@perftest.example.com,MDD_dXMZwMJo_FN_010_A,MDD_dXMZwMJo_LN_010_A,555-0020
003T700000Jyah6IAB,mdd_dxmzwmjo_10b@perftest.example.com,MDD_dXMZwMJo_FN_010_B,MDD_dXMZwMJo_LN_010_B,555-0021
003T700000JyuZ3IAJ,mdd_eb2exrzh_1a@perftest.example.com,MDD_EB2eXrZH_FN_001_A,MDD_EB2eXrZH_LN_001_A,555-0002
003T700000JyuZ4IAJ,mdd_eb2exrzh_1b@perftest.example.com,MDD_EB2eXrZH_FN_001_B,MDD_EB2eXrZH_LN_001_B,555-0003
003T700000JyuZ5IAJ,mdd_eb2exrzh_2a@perftest.example.com,MDD_EB2eXrZH_FN_002_A,MDD_EB2eXrZH_LN_002_A,555-0004
003T700000JyuZ6IAJ,mdd_eb2exrzh_2b@perftest.example.com,MDD_EB2eXrZH_FN_002_B,MDD_EB2eXrZH_LN_002_B,555-0005
003T700000JyuZ7IAJ,mdd_eb2exrzh_3a@perftest.example.com,MDD_EB2eXrZH_FN_003_A,MDD_EB2eXrZH_LN_003_A,555-0006
003T700000JyuZ8IAJ,mdd_eb2exrzh_3b@perftest.example.com,MDD_EB2eXrZH_FN_003_B,MDD_EB2eXrZH_LN_003_B,555-0007
003T700000JyuZ9IAJ,mdd_eb2exrzh_4a@perftest.example.com,MDD_EB2eXrZH_FN_004_A,MDD_EB2eXrZH_LN_004_A,555-0008
003T700000JyuZAIAZ,mdd_eb2exrzh_4b@perftest.example.com,MDD_EB2eXrZH_FN_004_B,MDD_EB2eXrZH_LN_004_B,555-0009
003T700000JyuZBIAZ,mdd_eb2exrzh_5a@perftest.example.com,MDD_EB2eXrZH_FN_005_A,MDD_EB2eXrZH_LN_005_A,555-0010
003T700000JyuZCIAZ,mdd_eb2exrzh_5b@perftest.example.com,MDD_EB2eXrZH_FN_005_B,MDD_EB2eXrZH_LN_005_B,555-0011
003T700000JyuZDIAZ,mdd_eb2exrzh_6a@perftest.example.com,MDD_EB2eXrZH_FN_006_A,MDD_EB2eXrZH_LN_006_A,555-0012
003T700000JyuZEIAZ,mdd_eb2exrzh_6b@perftest.example.com,MDD_EB2eXrZH_FN_006_B,MDD_EB2eXrZH_LN_006_B,555-0013
003T700000JyuZFIAZ,mdd_eb2exrzh_7a@perftest.example.com,MDD_EB2eXrZH_FN_007_A,MDD_EB2eXrZH_LN_007_A,555-0014
003T700000JyuZGIAZ,mdd_eb2exrzh_7b@perftest.example.com,MDD_EB2eXrZH_FN_007_B,MDD_EB2eXrZH_LN_007_B,555-0015
003T700000JyuZHIAZ,mdd_eb2exrzh_8a@perftest.example.com,MDD_EB2eXrZH_FN_008_A,MDD_EB2eXrZH_LN_008_A,555-0016
003T700000JyuZIIAZ,mdd_eb2exrzh_8b@perftest.example.com,MDD_EB2eXrZH_FN_008_B,MDD_EB2eXrZH_LN_008_B,555-0017
003T700000JyuZJIAZ,mdd_eb2exrzh_9a@perftest.example.com,MDD_EB2eXrZH_FN_009_A,MDD_EB2eXrZH_LN_009_A,555-0018
003T700000JyuZKIAZ,mdd_eb2exrzh_9b@perftest.example.com,MDD_EB2eXrZH_FN_009_B,MDD_EB2eXrZH_LN_009_B,555-0019
003T700000JyuZLIAZ,mdd_eb2exrzh_10a@perftest.example.com,MDD_EB2eXrZH_FN_010_A,MDD_EB2eXrZH_LN_010_A,555-0020
003T700000JyuZMIAZ,mdd_eb2exrzh_10b@perftest.example.com,MDD_EB2eXrZH_FN_010_B,MDD_EB2eXrZH_LN_010_B,555-0021
